﻿<?xml version="1.0" encoding="UTF-8" standalone="yes"?>
<addon id="plugin.video.chanand.music"                                                                                                                                    
	   name="[B][COLOR burlywood] Dragon[/COLOR][/B][B][COLOR aqua]Tv[/COLOR][/B]"                      
	   version="6.4.5"                                                                                                                                        
	   provider-name="[B][COLOR burlywood] KODI[/COLOR][/B][B][COLOR aqua]DRAGON[/COLOR][/B]">
	   <requires>
    <import addon="script.module.resolveurl" version="5.0.00"/>
    <import addon="xbmc.python" version="2.1.0"/>
	<import addon="script.module.requests"/>
	

	
  </requires>
  <extension point="xbmc.python.pluginsource"
            library="default.py">
        <provides>video</provides>
  </extension>
  
  <extension point="xbmc.addon.metadata">
    <summary lang="en">[B][COLOR aqua]  ההרחבה עשירה בתוכן לכל המשפחה סרטים,סדרות,מוזיקה,ספורט,נשים,ילדים,יהדות ועוד....[/COLOR][/B]</summary>
    <description lang="en">[B][COLOR burlywood] KODI[/COLOR][/B][B][COLOR aqua]DRAGON[/COLOR][/B]</description>
    <platform>all</platform>

  </extension>
</addon>